"id","name","birthday","email"
1,"Lutero Shooter","1998-10-26","lshooter0@a8.net"
4,"Jennilee Boyson","1967-04-29","jboyson3@guardian.co.uk"
12,"Chlo Deluca","1971-05-14","cdelucab@tiny.cc"
13,"Sully Meneghi","1985-01-02","smeneghic@cocolog-nifty.com"
14,"Merell Lydiard","1967-10-12","mlydiardd@senate.gov"
15,"Carilyn McNiff","1975-10-28","cmcniffe@who.int"
16,"Hannah Birds","1971-10-10","hbirdsf@theatlantic.com"
17,"Christel Crake","1981-10-05","ccrakeg@wunderground.com"
18,"Florrie Burgiss","1969-11-15","fburgissh@wisc.edu"
19,"Aimee Janning","1996-12-07","ajanningi@geocities.jp"
20,"Basil Lound","1977-12-29","bloundj@wufoo.com"
21,"Beilul Goutcher","1987-12-28","bgoutcherk@google.co.uk"
24,"Burl Jeske","1992-05-04","bjesken@nba.com"
25,"Kacey Lindgren","1998-11-30","klindgreno@cocolog-nifty.com"
26,"Roseanna Maltman","1969-08-01","rmaltmanp@163.com"
27,"Joyann Mawtus","1975-08-27","jmawtusq@samsung.com"
28,"Moselle Biddulph","1983-07-25","mbiddulphr@moonfruit.com"
29,"Tamera MacDonough","1963-09-22","tmacdonoughs@gnu.org"
30,"Isadora Dounbare","1987-03-17","idounbaret@artisteer.com"
31,"Zechariah Ortelt","1985-03-19","zorteltu@fc2.com"
32,"Emile Lecointe","1976-10-29","elecointev@sogou.com"
33,"Keelby Carbin","1989-04-11","kcarbinw@ebay.com"
34,"Philippine Jevon","1968-02-01","pjevonx@webmd.com"
35,"Mariele Vennart","1966-05-30","mvennarty@wp.com"
36,"Karon O'Loughnan","1990-11-21","koloughnanz@wikia.com"
37,"Fairleigh Babbage","1998-05-05","fbabbage10@blinklist.com"
38,"Nikolas Burlingame","1989-05-05","nburlingame11@huffingtonpost.com"
39,"Ann-marie Ward","1989-09-17","award12@imdb.com"
40,"Tyne O'Kynsillaghe","1988-02-15","tokynsillaghe13@google.ca"
41,"Ardine Flement","1988-02-11","aflement14@github.com"
42,"Ali Kidde","2000-05-24","akidde15@ed.gov"
43,"Sayer Riordan","1994-05-30","sriordan16@mysql.com"
44,"Mehetabel Kingswood","1980-08-18","mkingswood17@cisco.com"
45,"Regina Tweedlie","1966-01-12","rtweedlie18@bbb.org"
46,"Manolo Janisson","1989-05-07","mjanisson19@imdb.com"
47,"Billie Helks","1990-10-19","bhelks1a@icio.us"
48,"Dela Milnes","1996-06-01","dmilnes1b@vkontakte.ru"
49,"Myrna Lestor","1987-01-28","mlestor1c@ustream.tv"
50,"Anjanette Elecum","1974-11-22","aelecum1d@qq.com"
5,"XXXXX","1994-04-17","mwimsett4@amazonaws.com"
6,"XXXXX","1962-06-15","lgodman5@pen.io"
7,"XXXXX","1977-12-30","eauchterlony6@g.co"
8,"XXXXX","1970-09-01","gbirtley7@linkedin.com"
9,"XXXXX","1995-08-14","tdutton8@sogou.com"
10,"XXXXX","1981-04-29","ymatuszyk9@is.gd"
